instrument_key,exchange_token,tradingsymbol,name,last_price
NSE_EQ|INE848E01016,17400,NHPC,NHPC LTD,82.31
NSE_EQ|INE002L01015,18883,SJVN,SJVN LTD,96.97
NSE_EQ|INE160A01022,10666,PNB,PUNJAB NATIONAL BANK,103.04
NSE_EQ|INE476A01022,10794,CANBK,CANARA BANK,107.22
NSE_EQ|INE0ONG01011,27176,NTPCGREEN,NTPC GREEN ENERGY LIMITED,110.26
NSE_EQ|INE084A01016,4745,BANKINDIA,BANK OF INDIA,113.18
NSE_EQ|INE377Y01014,25270,BAJAJHFL,BAJAJ HOUSING FINANCE LTD,119.64
NSE_EQ|INE114A01011,2963,SAIL,STEEL AUTHORITY OF INDIA,127.48
NSE_EQ|INE01EA01019,27969,VMM,VISHAL MEGA MART LIMITED,129.62
NSE_EQ|INE053F01010,2029,IRFC,INDIAN RAILWAY FIN CORP L,134.2
NSE_EQ|INE242A01010,1624,IOC,INDIAN OIL CORP LTD,138.65
NSE_EQ|INE692A01016,10753,UNIONBANK,UNION BANK OF INDIA,143.48
NSE_EQ|INE081A01020,3499,TATASTEEL,TATA STEEL LIMITED,151.97
NSE_EQ|INE202E01016,20261,IREDA,INDIAN RENEWABLE ENERGY,165.07
NSE_EQ|INE545U01014,2263,BANDHANBNK,BANDHAN BANK LIMITED,180.05
NSE_EQ|INE129A01019,4717,GAIL,GAIL (INDIA) LTD,181.85
NSE_EQ|INE139A01034,6364,NATIONALUM,NATIONAL ALUMINIUM CO LTD,183.99
NSE_EQ|INE498L01015,24948,LTF,L&T FINANCE LIMITED,190.05
NSE_EQ|INE388Y01029,6545,NYKAA,FSN E COMMERCE VENTURES,197.07
NSE_EQ|INE203G01027,11262,IGL,INDRAPRASTHA GAS LTD,205.67
NSE_EQ|INE171A01029,1023,FEDERALBNK,FEDERAL BANK LTD,207.51
NSE_EQ|INE031A01017,20825,HUDCO,HSG & URBAN DEV CORPN LTD,227.15
NSE_EQ|INE028A01039,4668,BANKBARODA,BANK OF BARODA,234.15
NSE_EQ|INE208A01029,212,ASHOKLEY,ASHOK LEYLAND LTD,235.15
NSE_EQ|INE257A01026,438,BHEL,BHEL,250.45
NSE_EQ|INE213A01029,2475,ONGC,OIL AND NATURAL GAS CORP.,251.89
NSE_EQ|INE758T01015,5097,ETERNAL,ETERNAL LIMITED,253.33
NSE_EQ|INE674K01013,21614,ABCAPITAL,ADITYA BIRLA CAPITAL LTD.,260.28
NSE_EQ|INE774D01024,13285,M&MFIN,M&M FIN. SERVICES LTD,262.6
NSE_EQ|INE075A01022,3787,WIPRO,WIPRO LTD,266.54
NSE_EQ|INE752E01010,14977,POWERGRID,POWER GRID CORP. LTD.,293.1
NSE_EQ|INE758E01017,18143,JIOFIN,JIO FIN SERVICES LTD,294.25
NSE_EQ|INE347G01014,11351,PETRONET,PETRONET LNG LIMITED,295.4
NSE_EQ|INE029A01011,526,BPCL,BHARAT PETROLEUM CORP  LT,313.5
NSE_EQ|INE733E01010,11630,NTPC,NTPC LTD,335.2
NSE_EQ|INE376G01013,11373,BIOCON,BIOCON LIMITED.,351.35
NSE_EQ|INE302A01020,676,EXIDEIND,EXIDE INDUSTRIES LTD,380.25
NSE_EQ|INE522F01014,20374,COALINDIA,COAL INDIA LTD,389.05
NSE_EQ|INE00H001014,27066,SWIGGY,SWIGGY LIMITED,389.5
NSE_EQ|INE245A01021,3426,TATAPOWER,TATA POWER CO LTD,390.1
NSE_EQ|INE415G01027,9552,RVNL,RAIL VIKAS NIGAM LIMITED,390.6
NSE_EQ|INE094A01015,1406,HINDPETRO,HINDUSTAN PETROLEUM CORP,392.25
NSE_EQ|INE020B01018,15355,RECLTD,REC LIMITED,394.45
NSE_EQ|INE121J01017,29135,INDUSTOWER,INDUS TOWERS LIMITED,404.3
NSE_EQ|INE263A01024,383,BEL,BHARAT ELECTRONICS LTD,408.25
NSE_EQ|INE134E01011,14299,PFC,POWER FIN CORP LTD.,409.05
NSE_EQ|INE154A01025,1660,ITC,ITC LTD,418.55
NSE_EQ|INE267A01025,1424,HINDZINC,HINDUSTAN ZINC LIMITED,438.6
NSE_EQ|INE438A01022,163,APOLLOTYRE,APOLLO TYRES LTD,439.8
NSE_EQ|INE205A01025,3063,VEDL,VEDANTA LIMITED,447.1
NSE_EQ|INE200M01039,18921,VBL,VARUN BEVERAGES LIMITED,459.6
NSE_EQ|INE274J01014,17438,OIL,OIL INDIA LTD,464.9
NSE_EQ|INE016A01026,772,DABUR,DABUR INDIA LTD,466.9
NSE_EQ|INE073K01018,4684,SONACOMS,SONA BLW PRECISION FRGS L,486.95
NSE_EQ|INE121E01018,17869,JSWENERGY,JSW ENERGY LIMITED,499.3
NSE_EQ|INE303R01014,2955,KALYANKJIL,KALYAN JEWELLERS IND LTD,518.35
NSE_EQ|INE814H01029,17388,ADANIPOWER,ADANI POWER LTD,530.25
NSE_EQ|INE079A01024,1270,AMBUJACEM,AMBUJA CEMENTS LTD,533.45
NSE_EQ|INE115A01026,1997,LICHSGFIN,LIC HOUSING FINANCE LTD,594.55
NSE_EQ|INE562A01011,14309,INDIANB,INDIAN BANK,615.65
NSE_EQ|INE399L01023,6066,ATGL,ADANI TOTAL GAS LIMITED,617.1
NSE_EQ|INE628A01036,11287,UPL,UPL LIMITED,633.5
NSE_EQ|INE726G01019,18652,ICICIPRULI,ICICI PRU LIFE INS CO LTD,633.75
NSE_EQ|INE038A01020,1363,HINDALCO,HINDALCO  INDUSTRIES  LTD,649.15
NSE_EQ|INE721A01047,4306,SHRIRAMFIN,SHRIRAM FINANCE LIMITED,666.35
NSE_EQ|INE067A01029,760,CGPOWER,CG POWER AND IND SOL LTD,688.25
NSE_EQ|INE196A01026,4067,MARICO,MARICO LIMITED,693.3
NSE_EQ|INE797F01020,18096,JUBLFOOD,JUBILANT FOODWORKS LTD,695.8
NSE_EQ|INE142M01025,20293,TATATECH,TATA TECHNOLOGIES LIMITED,706.65
NSE_EQ|INE111A01025,4749,CONCOR,CONTAINER CORP OF IND LTD,738.25
NSE_EQ|INE335Y01020,13611,IRCTC,INDIAN RAIL TOUR CORP LTD,756.6
NSE_EQ|INE053A01029,1512,INDHOTEL,THE INDIAN HOTELS CO. LTD,765.65
NSE_EQ|INE795G01014,467,HDFCLIFE,HDFC LIFE INS CO LTD,778.95
NSE_EQ|INE949L01017,21238,AUBANK,AU SMALL FINANCE BANK LTD,795.35
NSE_EQ|INE062A01020,3045,SBIN,STATE BANK OF INDIA,796.15
NSE_EQ|INE338I01027,14947,MOTILALOFS,MOTILAL OSWAL FIN LTD,825.55
NSE_EQ|INE931S01010,10217,ADANIENSOL,ADANI ENERGY SOLUTION LTD,828.1
NSE_EQ|INE095A01012,5258,INDUSINDBK,INDUSIND BANK LIMITED,840.25
NSE_EQ|INE271C01023,14732,DLF,DLF LIMITED,854.25
NSE_EQ|INE982J01020,6705,PAYTM,ONE 97 COMMUNICATIONS LTD,871.2
NSE_EQ|INE749A01030,6733,JINDALSTEL,JINDAL STEEL & POWER LTD,899.05
NSE_EQ|INE296A01032,317,BAJFINANCE,BAJAJ FINANCE LIMITED,905
NSE_EQ|INE0J1Y01017,9480,LICI,LIFE INSURA CORP OF INDIA,936.55
NSE_EQ|INE018E01016,17971,SBICARD,SBI CARDS & PAY SER LTD,945.6
NSE_EQ|INE364U01010,3563,ADANIGREEN,ADANI GREEN ENERGY LTD,947.7
NSE_EQ|INE010B01027,7929,ZYDUSLIFE,ZYDUS LIFESCIENCES LTD,957.1
NSE_EQ|INE019A01038,11723,JSWSTEEL,JSW STEEL LIMITED,1005.55
NSE_EQ|INE0BS701011,25049,PREMIERENE,PREMIER ENERGIES LIMITED,1028.4
NSE_EQ|INE406A01037,275,AUROPHARMA,AUROBINDO PHARMA LTD,1097.2
NSE_EQ|INE192A01025,3432,TATACONSUM,TATA CONSUMER PRODUCT LTD,1100.2
NSE_EQ|INE102D01028,10099,GODREJCP,GODREJ CONSUMER PRODUCTS,1189.4
NSE_EQ|INE027H01010,22377,MAXHEALTH,MAX HEALTHCARE INS LTD,1213.8
NSE_EQ|INE238A01034,5900,AXISBANK,AXIS BANK LIMITED,1220.7
NSE_EQ|INE465A01025,422,BHARATFORG,BHARAT FORGE LTD,1278.3
NSE_EQ|INE226A01021,3718,VOLTAS,VOLTAS LTD,1293.9
NSE_EQ|INE089A01031,881,DRREDDY,DR. REDDY S LABORATORIES,1325.3
NSE_EQ|INE742F01042,15083,ADANIPORTS,ADANI PORT & SEZ LTD,1349.3
NSE_EQ|INE813H01021,13786,TORNTPOWER,TORRENT POWER LTD,1390.1
NSE_EQ|INE04I401011,9683,KPITTECH,KPIT TECHNOLOGIES LIMITED,1394.5
NSE_EQ|INE090A01021,4963,ICICIBANK,ICICI BANK LTD.,1427.1
NSE_EQ|INE854D01024,10447,UNITDSPR,UNITED SPIRITS LIMITED,1458.9
NSE_EQ|INE002A01018,2885,RELIANCE,RELIANCE INDUSTRIES LTD,1466.2
NSE_EQ|INE670K01029,3220,LODHA,MACROTECH DEVELOPERS LTD,1483.2
NSE_EQ|INE059A01026,694,CIPLA,CIPLA LTD,1499.7
NSE_EQ|INE663F01032,13751,NAUKRI,INFO EDGE (I) LTD,1505.1
NSE_EQ|INE176B01034,9819,HAVELLS,HAVELLS INDIA LIMITED,1533.5
NSE_EQ|INE121A01024,685,CHOLAFIN,CHOLAMANDALAM IN & FIN CO,1557.5
NSE_EQ|INE006I01046,14418,ASTRAL,ASTRAL LIMITED,1558.5
NSE_EQ|INE180A01020,2142,MFSL,MAX FINANCIAL SERV LTD,1595.3
NSE_EQ|INE211B01039,14552,PHOENIXLTD,THE PHOENIX MILLS LTD,1616.1
NSE_EQ|INE009A01021,1594,INFY,INFOSYS LIMITED,1622.9
NSE_EQ|INE935A01035,7406,GLENMARK,GLENMARK PHARMACEUTICALS,1636.7
NSE_EQ|INE619A01035,17029,PATANJALI,PATANJALI FOODS LIMITED,1649.6
NSE_EQ|INE151A01013,3721,TATACOMM,TATA COMMUNICATIONS LTD,1654.5
NSE_EQ|INE044A01036,3351,SUNPHARMA,SUN PHARMACEUTICAL IND L,1665.1
NSE_EQ|INE669C01036,13538,TECHM,TECH MAHINDRA LIMITED,1696.1
NSE_EQ|INE811K01011,20302,PRESTIGE,PRESTIGE ESTATE LTD,1716.3
NSE_EQ|INE860A01027,7229,HCLTECH,HCL TECHNOLOGIES LTD,1739.9
NSE_EQ|INE702C01027,25780,APLAPOLLO,APL APOLLO TUBES LTD,1769.8
NSE_EQ|INE123W01016,21808,SBILIFE,SBI LIFE INSURANCE CO LTD,1810.9
NSE_EQ|INE343G01021,23489,BHARTIHEXA,BHARTI HEXACOM LIMITED,1819.2
NSE_EQ|INE012A01025,22,ACC,ACC LIMITED,1823
NSE_EQ|INE591G01025,11543,COFORGE,COFORGE LIMITED,1832
NSE_EQ|INE417T01026,6656,POLICYBZR,PB FINTECH LIMITED,1901.3
NSE_EQ|INE171Z01026,2144,BDL,BHARAT DYNAMICS LIMITED,1902
NSE_EQ|INE093I01010,20242,OBEROIRLTY,OBEROI REALTY LIMITED,1910.9
NSE_EQ|INE397D01024,10604,BHARTIARTL,BHARTI AIRTEL LIMITED,1936.7
NSE_EQ|INE326A01037,10440,LUPIN,LUPIN LIMITED,1948
NSE_EQ|INE040A01034,1333,HDFCBANK,HDFC BANK LTD,1964.7
NSE_EQ|INE765G01017,21770,ICICIGI,ICICI LOMBARD GIC LIMITED,1971
NSE_EQ|INE918I01026,16675,BAJAJFINSV,BAJAJ FINSERV LTD.,1986.2
NSE_EQ|INE0V6F01027,25844,HYUNDAI,HYUNDAI MOTOR INDIA LTD,2006.2
NSE_EQ|INE237A01028,1922,KOTAKBANK,KOTAK MAHINDRA BANK LTD,2169.8
NSE_EQ|INE704P01025,21508,COCHINSHIP,COCHIN SHIPYARD LIMITED,2179.2
NSE_EQ|INE021A01026,236,ASIANPAINT,ASIAN PAINTS LIMITED,2285.7
NSE_EQ|INE634S01028,15380,MANKIND,MANKIND PHARMA LIMITED,2288.8
NSE_EQ|INE030A01027,1394,HINDUNILVR,HINDUSTAN UNILEVER LTD.,2306.2
NSE_EQ|INE239A01024,17963,NESTLEIND,NESTLE INDIA LIMITED,2360.4
NSE_EQ|INE259A01022,15141,COLPAL,COLGATE PALMOLIVE LTD.,2402.3
NSE_EQ|INE484J01027,17875,GODREJPROP,GODREJ PROPERTIES LTD,2432
NSE_EQ|INE423A01024,25,ADANIENT,ADANI ENTERPRISES LIMITED,2448.4
NSE_EQ|INE414G01012,23650,MUTHOOTFIN,MUTHOOT FINANCE LIMITED,2606.4
NSE_EQ|INE118H01025,19585,BSE,BSE LIMITED,2688.1
NSE_EQ|INE356A01018,4503,MPHASIS,MPHASIS LIMITED,2696.1
NSE_EQ|INE047A01021,1232,GRASIM,GRASIM INDUSTRIES LTD,2712.6
NSE_EQ|INE494B01023,8479,TVSMOTOR,TVS MOTOR COMPANY  LTD,2812.1
NSE_EQ|INE974X01010,312,TIINDIA,TUBE INVEST OF INDIA LTD,2926.3
NSE_EQ|INE318A01026,2664,PIDILITIND,PIDILITE INDUSTRIES LTD,2956.1
NSE_EQ|INE377N01017,25907,WAAREEENER,WAAREE ENERGIES LIMITED,2989
NSE_EQ|INE647A01010,3273,SRF,SRF LTD,3030.1
NSE_EQ|INE685A01028,3518,TORNTPHARM,TORRENT PHARMACEUTICALS L,3167.2
NSE_EQ|INE101A01026,2031,M&M,MAHINDRA & MAHINDRA LTD,3184.4
NSE_EQ|INE003A01024,3150,SIEMENS,SIEMENS LTD,3214.2
NSE_EQ|INE042A01014,958,ESCORTS,ESCORTS KUBOTA LIMITED,3228.4
NSE_EQ|INE249Z01020,509,MAZDOCK,MAZAGON DOCK SHIPBUIL LTD,3256.4
NSE_EQ|INE298A01020,1901,CUMMINSIND,CUMMINS INDIA LTD,3271.5
NSE_EQ|INE467B01029,11536,TCS,TATA CONSULTANCY SERV LT,3435.7
NSE_EQ|INE280A01028,3506,TITAN,TITAN COMPANY LIMITED,3519
NSE_EQ|INE018A01030,11483,LT,LARSEN & TOUBRO LTD.,3662
